{
  "type": "minecraft:crafting_shapeless",
  "ingredients": [
    {
      "item": "minecraft:clay_ball"
    },
    {
      "item": "minecraft:clay_ball"
    },
    {
      "item": "minecraft:clay_ball"
    },
    {
      "item": "minecraft:clay_ball"
    },
    {
      "item": "minecraft:clay_ball"
    },
    {
      "item": "minecraft:clay_ball"
    },
    {
      "item": "minecraft:clay_ball"
    },
    {
      "item": "minecraft:clay_ball"
    }
  ],
  "result": {
    "item": "clayium:large_clay_ball",
    "count": 1
  }
}