{
	"credit": "Made with Blockbench",
	"parent": "block/block"
	"textures": {
		"0": "clayium:blocks/claycraftingtable",
		"1": "clayium:blocks/denseclay",
		"particle": "clayium:blocks/denseclay"
	},
	"elements": [
		{
			"from": [0, 0, 0],
			"to": [16, 4, 16],
			"faces": {
				"north": {"uv": [0, 12, 16, 16], "texture": "#1"},
				"east": {"uv": [0, 12, 16, 16], "texture": "#1"},
				"south": {"uv": [0, 12, 16, 16], "texture": "#1"},
				"west": {"uv": [0, 12, 16, 16], "texture": "#1"},
				"up": {"uv": [0, 0, 16, 16], "texture": "#1"},
				"down": {"uv": [0, 0, 16, 16], "texture": "#1"}
			}
		},
		{
			"from": [0, 4, 0],
			"to": [16, 4, 16],
			"faces": {
				"up": {"uv": [0, 0, 16, 16], "texture": "#0"}
			}
		}
	]
}