{
  "_fv": 13,
  "_type": "recipe",
  "definition": {
    "recipeType": "Crafting",
    "xpReward": 0.0,
    "cookingTime": 200,
    "recipeRetstackSize": 1,
    "group": "",
    "recipeShapeless": false,
    "recipeSlots": [
      {
        "value": "CUSTOM:ClayBlade"
      },
      {
        "value": "CUSTOM:ClayBlade"
      },
      {
        "value": "CUSTOM:ClayBlade"
      },
      {
        "value": "CUSTOM:ClayBlade"
      },
      {
        "value": "CUSTOM:ClayRing"
      },
      {
        "value": "CUSTOM:ClayBlade"
      },
      {
        "value": "CUSTOM:ClayBlade"
      },
      {
        "value": "CUSTOM:ClayBlade"
      },
      {
        "value": "CUSTOM:ClayBlade"
      }
    ],
    "recipeReturnStack": {
      "value": "CUSTOM:ClayCuttingHead"
    },
    "name": "to_clay_cutting_head",
    "namespace": "mod"
  }
}